Kest,mean,lowCI.5.,highCI.95.,Sensitivity,Precision,rmse_novel_Sig,rmse_cosmic_Sig,rmse_Signatures,rmse_novel_Theta,rmse_cosmic_Theta,rmse_Weights,mean_cos_sim,rmse_Lambda,rmse_Counts,rmse_Lambda_filter,rmse_Counts_filter,epsilon,Kused,overdispersion
5,NA,NA,NA,0.8333333333333334,1,0.00566304313076195,0.006514694435625291,0.00608886878319362,28.29614609433135,67.11157119045181,47.70385864239158,NA,4.805828726858223,5.093287148133069,4.806457325566217,5.093842331045055,0.001,5,0.15
5,NA,NA,NA,0.6666666666666666,0.8,0.013166231847308635,0.01053120313572748,0.011848717491518057,52.927792557657455,61.37302425200275,57.1504084048301,NA,4.8536449151640895,6.073131143017761,4.857019740898366,6.077123213737229,0.001,5,0.15
5,NA,NA,NA,0.6666666666666666,0.8,0.007610252333061632,0.008629065902864724,0.008119659117963179,51.33415495538749,98.3168673578746,74.82551115663105,NA,6.789246394110308,6.021607255151957,6.790480764730662,6.021953530067365,0.001,5,0.15
5,NA,NA,NA,0.6666666666666666,0.8,0.0032976982492518517,0.02262355332206918,0.012960625785660516,8.868893666485588,83.05779544310978,45.963344554797686,NA,6.1209727213285685,7.7763420299797765,6.12241057894151,7.778153033567177,0.001,5,0.15
5,NA,NA,NA,0.6666666666666666,0.8,0.015486072007229207,0.005189815945636563,0.010337943976432885,87.59694020901038,44.85121133288981,66.2240757709501,NA,4.699811442697895,5.660652288854961,4.700041478220034,5.6612187957201785,0.001,5,0.15
8,0.001003039008798837,9.816745723601997e-4,0.0010244034452374742,1,0.75,0.023041804315472095,0.007003008278106435,0.015022406296789265,37.976828591047415,62.18907774296408,50.08295316700575,NA,5.336474825613088,4.693968862670129,5.336449930184789,4.69606549133133,0.001,10,0.15
10,NA,NA,NA,1,0.6,0.026140641328342207,0.003950455781758629,0.015045548555050418,21.241427920305043,48.137229637436505,34.689328778870774,NA,5.100458623901787,4.678957628309165,5.097130991445249,4.694223470983412,0.001,10,0.15
9,9.935647172431925e-4,9.935647172431925e-4,9.935647172431925e-4,1,0.6666666666666666,0.03958070498461874,0.01330537642478601,0.026443040704702374,26.306274137976004,58.889330996227365,42.59780256710168,NA,5.899491729123362,4.453004424121963,5.899739732514605,4.457515917045179,0.001,10,0.15
9,9.666663452918544e-4,9.666663452918544e-4,9.666663452918544e-4,0.6666666666666666,0.4444444444444444,0.02703360169196408,0.012037029033574424,0.019535315362769253,22.58415493032973,81.930332896757335,52.25724391354353,NA,4.8622968053298266,4.645764982470859,4.86195753578446,4.647899884149894,0.001,10,0.15
8,9.747997178687794e-4,9.672839413280958e-4,9.823154944094631e-4,0.8333333333333334,0.625,0.022882878139480613,0.011877105253925812,0.017379991696703213,30.1662196430476,60.37383463947487,45.27002714126124,NA,5.431436545719138,5.321688219563399,5.427701126531722,5.33731120975983,0.001,10,0.15
11,9.895553859053017e-4,9.60134172698454e-4,0.0010161379093546227,1,0.5454545454545454,0.022785685752305516,0.006049880996031201,0.01441778337416836,5.634182649426482,49.29771877721373,27.465950713320108,NA,5.034372702237166,4.864992340825324,4.986393621275191,4.9642092723098505,0.001,20,0.15
14,9.884842039905417e-4,9.630233309924621e-4,0.0010225186809927683,0.5,0.21428571428571427,0.03476131114999234,0.02987212424438633,0.032316717697189336,28.6586078331156,105.92579513313466,67.29220148312513,NA,6.9866699942583175,3.6615974191521827,6.988694141308893,3.731872448961032,0.001,20,0.15
10,0.0010079836595483253,9.735833857085783e-4,0.0010448970197021986,1,0.6,0.02229147871723005,0.0070058839015092,0.014648681309369624,16.899402889904973,50.86890782764952,33.88415535877725,NA,4.361561760809119,4.673787347272012,4.363897036751172,4.697314014527831,0.001,20,0.15
10,9.99047786876955e-4,9.491693184216499e-4,0.001032511170087862,0.8333333333333334,0.5,0.017957075323728387,0.015144101404632694,0.01655058836418054,18.937903698165332,60.23805028082152,39.58797698949343,NA,5.39373687126809,4.4304081437797835,5.398983742895289,4.445189306116668,0.001,20,0.15
12,0.0010115162351367,9.738823163435442e-4,0.0010704177260789792,1,0.5,0.029163195746441724,0.009822533427595688,0.019492864587018707,28.020970404010008,56.190366744775616,42.10566857439281,NA,5.484874954270619,4.472824168786268,5.479462557842364,4.526011848221903,0.001,20,0.15
9,9.977095757862835e-4,9.703444017468829e-4,0.0010308134895886108,0.8333333333333334,0.5555555555555556,0.03614118395755074,0.007143304103768611,0.021642244030659674,25.33022070533812,56.62261161584616,40.97641616059214,NA,4.153319860380742,4.724937025895581,4.15138294499954,4.727493810690563,0.001,30,0.15
11,9.8102277173185e-4,9.393180128756753e-4,0.0010202608611059223,0.8333333333333334,0.45454545454545453,0.03958115554792843,0.007231531834275954,0.023406343691102192,22.969289038595903,47.043821055814625,35.00655504720527,NA,4.928210110838423,4.350803180967195,4.923464683351634,4.360066548092876,0.001,30,0.15
14,9.939793697902684e-4,9.748988090528388e-4,0.001019542708092559,0.6666666666666666,0.35714285714285715,0.03225722723026486,0.027328585483649415,0.02979290635695714,36.630602381523914,107.57184168114543,72.10122203133467,NA,6.520291563024872,3.5161273123679804,6.524292834258546,3.5324969221718225,0.001,30,0.15
11,9.992266263145202e-4,9.57256131467013e-4,0.001030596579781087,0.8333333333333334,0.45454545454545453,0.03135894453093683,0.010638613603743158,0.020998779067339993,16.421501469698377,71.30173413529596,43.861617802497165,NA,6.394375587498854,4.248387240235048,6.389149455436243,4.302305654769053,0.001,30,0.15
11,0.0010074982158995473,9.793560050421644e-4,0.0010351830852551034,1,0.5454545454545454,0.031139726022915717,0.008388185218740626,0.019763955620828173,8.395341645574662,42.269287834393076,25.332314739983868,NA,4.376231070346503,3.5811577186945596,4.379127558856544,3.619342568125695,0.001,30,0.15
11,9.98548258006952e-4,9.570257797782494e-4,0.001045380940357181,1,0.5454545454545454,0.027065492171103746,0.0077331781461432055,0.017399335158623477,15.86426448441749,56.03744238918049,35.950853436798994,NA,6.070792099497924,5.0051236985147245,6.077247329728885,5.024026903838059,0.001,40,0.15
12,9.938969295485403e-4,9.600654509088883e-4,0.0010334724722271134,0.8333333333333334,0.4166666666666667,0.0316071251524431,0.01598341992746076,0.02379527253995193,18.35703455608768,84.46113309551485,51.40908382580127,NA,7.106001257304727,3.8596236924355565,7.108461054309703,3.8739793987367017,0.001,40,0.15
11,0.0010015185676692366,9.673246914710285e-4,0.0010415221353264974,1,0.6363636363636364,0.0344895467574867,0.013802355889980333,0.024145951323733518,27.382527168741756,67.07043500684904,47.2264810877954,NA,4.951281495000984,3.668766814219581,4.952523103554255,3.704757181793027,0.001,40,0.15
9,9.939810904297422e-4,9.506019244821418e-4,0.0010186299994855734,1,0.6666666666666666,0.01802332293435674,0.008639917658952102,0.01333162029665442,13.460261637980004,50.99703295586301,32.22864729692151,NA,6.249446971591731,4.989369488116749,6.244754189227116,4.991179279908503,0.001,40,0.15
12,9.987029639054001e-4,9.670703961103028e-4,0.001041586121453855,0.8333333333333334,0.4166666666666667,0.02416220871754499,0.010075583770237706,0.017118896243891346,12.696914404709657,63.610808900026086,38.15386165236787,NA,5.465174623212065,4.230124625822019,5.461619735227141,4.2537020447757365,0.001,40,0.15
9,0.0010012997067353879,9.636846682581921e-4,0.00103980401700922,0.8333333333333334,0.6666666666666666,0.026322635698878074,0.007445290096550791,0.016883962897714433,35.30714178726493,62.96195380057391,49.134547793919424,NA,5.038936020313526,5.3109539261254435,5.037758909637255,5.315802977066441,0.001,50,0.15
11,0.0010127041770050492,9.704711014798865e-4,0.001057694131434614,1,0.5454545454545454,0.02116354965802773,0.00515666943260829,0.01316010954531801,6.064522496226397,38.90281496770179,22.48366873196409,NA,3.708342548500076,4.554325837266498,3.70237989213416,4.586095718424355,0.001,50,0.15
14,9.99094563774926e-4,9.678922767993308e-4,0.0010351712983515803,1,0.5,0.02859506044365063,0.012159328115329202,0.020377194279489915,17.18139591551561,60.84590427982546,39.013650097670535,NA,5.322348222939046,4.24587118256837,5.330909042121666,4.2971729932298866,0.001,50,0.15
10,9.942341613158607e-4,9.579752730388461e-4,0.001022782403830913,0.8333333333333334,0.5,0.03281548212247712,0.01529307663077727,0.024054279376627193,47.920085922146,81.7053347977735,64.81271035995975,NA,7.033274754734213,4.4072985396133495,7.0369307848063976,4.4153040917065285,0.001,50,0.15
11,9.939931352879558e-4,9.605141300125879e-4,0.0010316677882737236,1,0.5454545454545454,0.0185654418281635,0.005684268413424854,0.012124855120794177,2.43933442432807,44.549152520650786,23.49424347248943,NA,3.8498852216065265,4.803521436734633,3.852468954612292,4.866189148207375,0.001,50,0.15
5,NA,NA,NA,0.6666666666666666,0.8,0.015917962151441038,0.003427300259745032,0.009672631205593035,71.96316928988317,46.138675668749805,59.05092247931648,NA,4.9979960544602395,5.524447075727135,4.997852107648589,5.524777863118433,0.01,5,0.15
5,NA,NA,NA,0.6666666666666666,0.8,0.007266777566066887,0.008251199699008902,0.007758988632537895,60.348506700657246,88.87107147645844,74.60978908855785,NA,4.609299117847995,6.445343639506129,4.609637306047896,6.446096097922657,0.01,5,0.15
5,NA,NA,NA,0.6666666666666666,0.8,0.016120546349613893,0.005842432446512845,0.01098148939806337,97.33281556908162,41.40815974076034,69.37048765492098,NA,4.7310848273822135,6.343623705343558,4.731047808276666,6.344060796908484,0.01,5,0.15
5,NA,NA,NA,0.8333333333333334,1,0.005779681318664662,0.006745578430507553,0.006262629874586107,28.322918592529177,73.42299682892137,50.872957710725274,NA,5.021904649748703,6.139397825748744,5.02187910807883,6.140229078273878,0.01,5,0.15
5,NA,NA,NA,0.8333333333333334,1,0.005819397778221928,0.007013293504851131,0.006416345641536529,29.423112161609644,63.78120367716563,46.602157919387636,NA,3.4800336979386635,4.881155585596829,3.480176482037279,4.881583563116527,0.01,5,0.15
10,NA,NA,NA,1,0.7,0.026766110796692878,0.004878435280196507,0.015822273038444693,10.21253211207369,56.05394186762678,33.13323698985024,NA,5.342252017058907,5.440036387436904,5.3083527712987495,5.468644869734881,0.01,10,0.15
10,NA,NA,NA,1,0.6,0.02481659346741239,0.007785181497420357,0.016300887482416374,5.565543133128037,44.55849976689871,25.062021450013376,NA,4.403325272575324,4.515877259876434,4.410488898544079,4.530118377818669,0.01,10,0.15
9,0.009898267183410206,0.009898267183410206,0.009898267183410206,1,0.6666666666666666,0.03511531974358068,0.009866229877720858,0.02249077481065077,20.480790317048072,50.63715714819878,35.55897373262343,NA,5.256822330200948,4.8987839577124745,5.257448173666809,4.903631088105779,0.01,10,0.15
9,0.009941125712763153,0.009941125712763153,0.009941125712763153,1,0.6666666666666666,0.019457816801188806,0.00556634032711215,0.012512078564150477,8.115678468963734,45.60603125975521,26.860854864359474,NA,3.8764827159796416,4.296088503907228,3.8789013302514235,4.2973671816763455,0.01,10,0.15
9,0.009734922743328099,0.009734922743328099,0.009734922743328099,1,0.6666666666666666,0.03247458395598454,0.009093409224348932,0.020783996590166737,9.563854340890382,44.86552130322484,27.21468782205761,NA,5.223606601828053,4.598215981677765,5.222730032099673,4.602466316171578,0.01,10,0.15
10,0.01005956306552952,0.009644810019680525,0.010879665184449978,1,0.6,0.031292869574987635,0.010152505952754048,0.02072268776387084,16.082203253252118,57.03241384776356,36.55730855050784,NA,5.158032782895593,3.955541392582394,5.159636819664427,3.9623143965989005,0.01,20,0.15
12,0.010035518191794142,0.009647692586433488,0.010382022325470483,0.8333333333333334,0.4166666666666667,0.03490962277671904,0.015276214118072224,0.02509291844739563,22.814269939822193,98.17523477310122,60.49475235646171,NA,7.621027196692973,4.166008247265908,7.61956819396902,4.180924426667905,0.01,20,0.15
11,0.010314222612476701,0.009824506645068258,0.01154714486078947,1,0.6363636363636364,0.021741603455963963,0.0072015535128239225,0.014471578484393942,13.221286256932542,72.40061848923557,42.810952373084056,NA,5.316488187672906,4.572741910545271,5.28296814794029,4.650925032028054,0.01,20,0.15
11,0.010210225848674918,0.009694298101616136,0.011676582309923763,1,0.5454545454545454,0.03853923852851695,0.011078169788052143,0.024808704158284546,14.526185983459257,56.234442697313206,35.380314340386235,NA,5.453688757521917,3.8946829103347755,5.460951858280398,3.902087414882677,0.01,20,0.15
12,0.009937940711653059,0.009636343850010446,0.010218003230257802,1,0.5,0.015947097966229184,0.0049357695999421875,0.010441433783085687,4.8593860307658625,44.26736743671455,24.563376733740206,NA,4.278899521182708,4.651247810882345,4.287787093534974,4.681459525583112,0.01,20,0.15
11,0.010009942987932178,0.009511904946373474,0.010397826057101992,0.6666666666666666,0.36363636363636365,0.024902665782507955,0.015570718574550743,0.020236692178529348,15.723739423021863,59.168709928353124,37.446224675687496,NA,4.018701851375311,3.8142811181559297,4.019547578173648,3.8267707488484013,0.01,30,0.15
8,0.009919111829094341,0.009528608685996653,0.010361775790189272,0.6666666666666666,0.5,0.022968377746640248,0.010202313581574623,0.016585345664107437,33.77552507375689,49.1796379114304,41.47758149259364,NA,4.6073282281580274,4.933258136147001,4.60777086962647,4.935345556638968,0.01,30,0.15
12,0.010073483571789058,0.009546865006344737,0.0105837778943823,0.5,0.25,0.037280871018134626,0.010573510474523672,0.02392719074632915,29.878811608760135,76.36661981409551,53.12271571142782,NA,6.7038634291984005,4.566116367050492,6.67763638087977,4.658295292686201,0.01,30,0.15
13,0.01003761246091026,0.009687917262733249,0.01036592240646121,1,0.5384615384615384,0.03323688072646455,0.011344583993895515,0.022290732360180032,20.581979236576753,82.35984884513499,51.470914040855874,NA,6.158288586522462,4.007237724142813,6.158634610061797,4.039842591701363,0.01,30,0.15
10,0.010006609982079284,0.009650732368081382,0.010336180439722202,0.8333333333333334,0.5,0.03175000924424257,0.011967364284436533,0.021858686764339552,11.677328944265739,55.73703068652412,33.70717981539493,NA,4.8081136825436825,4.86225486769954,4.809058157612679,4.863989171746786,0.01,30,0.15
9,0.010059496058808596,0.009760161570014216,0.010496970522517308,0.8333333333333334,0.5555555555555556,0.03433745656624427,0.00814842672135391,0.021242941643799088,18.868335426301318,46.43205460374713,32.650195015024224,NA,4.414100744774409,5.098275352091719,4.41487447660786,5.103550402295966,0.01,40,0.15
10,0.009896939871873506,0.009624819654915072,0.010253054979616632,1,0.6,0.01596115594309522,0.004085427013255702,0.010023291478175461,6.530186109776148,38.479138266976435,22.50466218837629,NA,3.844194183735368,4.43820301084716,3.8582788974357185,4.471069447857939,0.01,40,0.15
14,0.010153408772348996,0.009516796728115172,0.010482118039302527,0.6666666666666666,0.2857142857142857,0.030991138725688514,0.007750438841378608,0.01937078878353356,30.198102862499645,54.813610454234976,42.50585665836731,NA,5.319139311568765,4.600033383873874,5.323710864219582,4.671438614544201,0.01,40,0.15
11,0.010020645376763558,0.009773689007515012,0.010414283582109458,0.8333333333333334,0.45454545454545453,0.027924976189336693,0.00910080584070448,0.018512891015020586,12.64807086035425,56.631489388366276,34.639780124360264,NA,4.7816886815542965,4.150596315615591,4.783301914245846,4.163421739692646,0.01,40,0.15
13,0.010050717237879194,0.00948089170790213,0.010502950093873703,1,0.46153846153846156,0.028623439529977517,0.009440607782496366,0.019032023656236942,14.558192660524709,63.560826369629204,39.059509515076954,NA,6.301268235964143,5.036030460307729,6.302647594500895,5.0564285697276095,0.01,40,0.15
15,0.009925938683866377,0.009522412197308375,0.01035180052684645,1,0.4,0.03157813761826284,0.013198036114558036,0.022388086866410438,31.163755762385435,73.24734287987195,52.20554932112869,NA,5.166721064093999,3.698538600662288,5.156267610858833,3.7459436620473676,0.01,50,0.15
13,0.010026467618714315,0.009627826254714401,0.010295606744507626,0.8333333333333334,0.38461538461538464,0.03470709213198869,0.014452353612457024,0.024579722872222858,33.44677719108524,69.85993421362731,51.65335570235628,NA,6.28725262720445,4.404139349929431,6.307333470617745,4.476217439530391,0.01,50,0.15
12,0.009960108585019193,0.009648677413229948,0.010325147315929291,1,0.5833333333333334,0.04240714230630757,0.010071194686682916,0.026239168496495244,29.7625520234559,45.52446195116076,37.64350698730833,NA,5.052181238475591,3.771253598594222,5.031969211182692,3.8049685976251033,0.01,50,0.15
9,0.009973595592566767,0.009577213969837376,0.010388182325767433,0.8333333333333334,0.5555555555555556,0.029477971776460568,0.01300380587363509,0.021240888825047828,17.589711603477692,58.46562760866845,38.02766960607307,NA,5.181767286944591,3.945619099135914,5.181747216492033,3.9497199203651197,0.01,50,0.15
11,0.009982172897676658,0.009689628477267695,0.010365702044145077,1,0.5454545454545454,0.018604241655243683,0.006462251889691665,0.012533246772467675,8.184728575733255,55.873971511998086,32.02935004386567,NA,6.1136019635285725,5.2284152519419,6.11010116822844,5.249679755415994,0.01,50,0.15
5,NA,NA,NA,0.6666666666666666,0.8,0.008053441476869093,0.00874529735569584,0.008399369416282467,18.582005015876575,72.04095541734435,45.31148021661046,NA,5.004560068035263,6.879151536958704,5.005284473019021,6.879849793071395,0.1,5,0.15
5,NA,NA,NA,0.8333333333333334,1,0.007762013471779724,0.005596387910713912,0.006679200691246818,48.50295656552638,95.25025546057064,71.87660601304852,NA,5.157729233838398,6.2451551370984495,5.158085181717177,6.245609372088754,0.1,5,0.15
5,NA,NA,NA,0.6666666666666666,0.8,0.008511574603504685,0.006077044686461973,0.0072943096449833295,41.25566029830037,86.18644696498473,63.72105363164255,NA,4.455337334418298,5.970394768598439,4.456468630292875,5.971040700215904,0.1,5,0.15
5,NA,NA,NA,0.8333333333333334,1,0.006091164262336123,0.006879167561680049,0.0064851659120080864,31.414048162225903,76.90666793458867,54.16035804840729,NA,4.4220768275798505,5.6100088787954645,4.422164117381961,5.610409503288072,0.1,5,0.15
5,NA,NA,NA,0.6666666666666666,0.8,0.008187244219181707,0.006274525626501961,0.007230884922841834,47.51313184752744,103.48421818400068,75.49867501576406,NA,7.197603980668845,8.032811212107253,7.198066669683111,8.032615625767988,0.1,5,0.15
9,0.1013991343827581,0.1013991343827581,0.1013991343827581,1,0.6666666666666666,0.026382504690150358,0.005863346221037985,0.01612292545559417,17.45800520324226,37.78030757011569,27.619156386678974,NA,4.4319959655383,4.990610966250005,4.430373367753641,5.003674519629376,0.1,10,0.15
10,NA,NA,NA,0.6666666666666666,0.4,0.020425019367746756,0.005973282701926394,0.013199151034836574,22.358389011678398,47.929232309205254,35.14381066044183,NA,4.1106670372717105,4.83362623280263,4.11381279161777,4.8823237251486225,0.1,10,0.15
9,0.10019244361180091,0.10019244361180091,0.10019244361180091,0.8333333333333334,0.5555555555555556,0.019140242309725004,0.005061832365343459,0.012101037337534232,6.319090012163268,49.75019627564376,28.034643143903512,NA,3.948574057530398,5.283007984273649,3.9317610611885954,5.329389926809463,0.1,10,0.15
8,0.09922965833262691,0.09888009477086146,0.09957922189439236,1,0.75,0.030503405180866947,0.008689922869864086,0.019596664025365515,17.982146753827525,50.698309690971556,34.34022822239954,NA,5.008660413423455,4.570985587342181,5.00667320763324,4.57438096227231,0.1,10,0.15
8,0.11236164531777196,0.10164654265084447,0.12307674798469945,1,0.75,0.027939824295674407,0.007007766681132034,0.01747379548840322,10.329893267722506,41.704149671044405,26.017021469383455,NA,4.737757222620961,4.7981455849701264,4.75348129321737,4.826143720850203,0.1,10,0.15
10,0.10137264163412639,0.09628998326076753,0.11052820750455031,1,0.6,0.035836255819138935,0.010753072570779806,0.02329466419495937,21.10542578572359,63.491238170922216,42.298331978322906,NA,6.849264671386429,4.303000155734235,6.852118113702738,4.313070321018696,0.1,20,0.15
9,0.10015934381102838,0.09589912863717362,0.10413174152336999,1,0.6666666666666666,0.032048612529007314,0.012170264579994759,0.022109438554501037,19.270222316667947,56.75804758644072,38.01413495155433,NA,6.5586883822266024,3.7241577166825177,6.560778518033542,3.7244515129357456,0.1,20,0.15
11,0.1004506504926908,0.0972649740265495,0.10382024833804414,1,0.5454545454545454,0.0397035226475121,0.010479488904708775,0.025091505776110436,17.058901691838738,61.54818517977538,39.30354343580706,NA,5.175404369276484,4.589593853303082,5.090981752558878,4.747976569101929,0.1,20,0.15
11,0.10002545217440628,0.09547248483813889,0.10598415849867654,1,0.5454545454545454,0.03577538865443162,0.00790445465101335,0.021839921652722485,10.180761755150764,47.31543602817267,28.748098891661716,NA,4.804331493259363,4.433847114007562,4.801223298633529,4.448396140268957,0.1,20,0.15
9,0.1004964785981712,0.09848632694408632,0.10264211346446783,1,0.6666666666666666,0.02804939922128533,0.008684678830574173,0.018367039025929753,11.988574933166332,50.16889807948348,31.07873650632491,NA,4.590370418682959,3.81479969174898,4.59041802195992,3.823943844651433,0.1,20,0.15
11,0.09922539201355006,0.09545755142586673,0.1042433592743688,1,0.5454545454545454,0.030425906608073615,0.006207551947061584,0.018316729277567598,15.58135615919639,44.753770200309724,30.167563179753056,NA,5.040435375457594,4.509173976526509,5.028251879823824,4.5696318038579005,0.1,30,0.15
13,0.0988490066203533,0.09584333755190261,0.10247649885275946,1,0.46153846153846156,0.031583359000278845,0.018746245642830985,0.025164802321554915,16.879871736460988,72.10590407197584,44.492887904218414,NA,5.355423770465239,3.7149883592987925,5.345636885867968,3.7685303566855888,0.1,30,0.15
12,0.09964752422588045,0.09659909494178046,0.1018041076951281,0.5,0.25,0.030918713052689638,0.026668013293507275,0.028793363173098455,25.076236384885824,86.20574428598756,55.6409903354367,NA,6.93125526865241,3.5394060523422946,6.913216563424799,3.59490607368868,0.1,30,0.15
10,0.0989246092492771,0.09602755561878186,0.1015377265383888,1,0.6,0.025854518311351292,0.008725961756381564,0.01729024003386643,12.08945630336702,49.74890202561111,30.919179164489066,NA,4.32061186148283,3.8858052075639185,4.3239854957506525,3.896815740174256,0.1,30,0.15
11,0.099429520033412,0.09689235900716381,0.10230052824991634,0.8333333333333334,0.45454545454545453,0.034969639226582985,0.008298665281072246,0.021634152253827615,10.057039020962419,54.64911303314466,32.35307602705354,NA,5.926834329444511,4.5684704113165,5.935848293389748,4.593502070853698,0.1,30,0.15
11,0.09996029093835473,0.09636697472788205,0.10349233620218451,0.8333333333333334,0.45454545454545453,0.03137377968294779,0.008675309292595685,0.020024544487771738,17.740568255617436,78.29625980910305,48.01841403236024,NA,5.7366318073801175,4.118187493517396,5.738448184557418,4.137012083405947,0.1,40,0.15
11,0.10000480016083413,0.09533460195182666,0.10239620279391921,1,0.5454545454545454,0.03352066894870528,0.011000749543103504,0.02226070924590439,34.5939820639003,62.583939996052884,48.58896102997659,NA,8.032388871646882,4.045848848556257,8.0379279544396,4.049635768113559,0.1,40,0.15
12,0.1006854886173703,0.09618727730253694,0.10670637348645265,0.6666666666666666,0.3333333333333333,0.033077094084029784,0.014583466759620451,0.02383028042182512,21.641952445040356,73.7286035932129,47.68527801912663,NA,6.672582886693379,4.095757930673022,6.675231499605004,4.107110559214489,0.1,40,0.15
15,0.09979317635246338,0.09661409709304307,0.10458283297890553,1,0.4,0.02923142005756693,0.007901749036536676,0.018566584547051804,9.135891477478333,59.05303066941839,34.094461073448365,NA,6.703144629385457,4.36483211628657,6.648900268630892,4.443276301136744,0.1,40,0.15
9,0.0996748455114211,0.09671890002676242,0.1027363527124582,1,0.6666666666666666,0.020026313341907354,0.009519142898587305,0.014772728120247328,32.64587202730119,59.9035744594763,46.27472324338875,NA,5.043913661040885,4.567887718003281,5.042362216636698,4.5843355389260125,0.1,40,0.15
10,0.09930075766068368,0.09569732841725176,0.10290044647952552,1,0.6,0.024567003619126292,0.003805781847999265,0.014186392733562779,14.726963691819826,43.49142686881138,29.109195280315603,NA,3.6559018735586624,4.317486429350053,3.6716488270567846,4.41559695789371,0.1,50,0.15
13,0.10021576271459959,0.09608265065617416,0.10442826461236315,0.6666666666666666,0.3076923076923077,0.038120403336724326,0.013835480144339359,0.02597794174053184,21.882059842804654,69.56919498681904,45.725627414811846,NA,6.745883253785923,4.074095055848644,6.567540046747393,4.2801996190232225,0.1,50,0.15
10,0.10002134672003114,0.09580996080892665,0.10422940430545113,0.6666666666666666,0.4,0.04208784807223916,0.019199387475649463,0.030643617773944313,31.91941486249827,66.77932242753641,49.34936864501734,NA,5.447377492419376,3.584693281641187,5.460400021523906,3.595021443547196,0.1,50,0.15
10,0.10006830345563356,0.09645666329571509,0.10515970059245096,0.8333333333333334,0.5,0.030803699167451185,0.009803735827413031,0.02030371749743211,18.977246424496478,78.19870445908353,48.58797544179001,NA,5.9762282353439495,4.309848844166583,5.978026900868259,4.312722946063114,0.1,50,0.15
11,0.10053871062359741,0.09635942561805647,0.10432178946953286,0.8333333333333334,0.45454545454545453,0.026579054585812997,0.0063723679624471345,0.016475711274130066,27.047573700457757,39.74398744938257,33.39578057492017,NA,4.210024194076347,4.347955470944576,4.200476027799892,4.387273628699663,0.1,50,0.15
5,NA,NA,NA,0.8333333333333334,1,0.015570700815571187,0.005821643124082862,0.010696171969827025,55.81847561361086,43.75157004240449,49.78502282800767,NA,4.388195949386375,5.986936956707164,4.390178099671288,5.988798805353271,0.25,5,0.15
5,NA,NA,NA,0.8333333333333334,1,0.006437648313321817,0.007557060181072738,0.006997354247197277,34.47517906790528,79.76282448857411,57.11900177823969,NA,5.357458473387596,5.956481054492392,5.3584774778765505,5.956468187168915,0.25,5,0.15
5,NA,NA,NA,0.8333333333333334,1,0.006714560627366951,0.007241267546500644,0.006977914086933798,43.13570935975498,85.29058940579536,64.21314938277517,NA,4.5214375444691095,6.925652431099641,4.521826137083981,6.925953548650437,0.25,5,0.15
5,NA,NA,NA,0.6666666666666666,0.8,0.007823680579370365,0.006727165362501033,0.007275422970935699,25.35793717826443,81.46629259969994,53.41211488898219,NA,5.460640328753865,6.582873348539274,5.461103099791178,6.583147623873846,0.25,5,0.15
5,NA,NA,NA,0.8333333333333334,1,0.007152313161538114,0.0075228172397642035,0.007337565200651159,35.36826955952668,78.73802856768732,57.053149063607,NA,4.253945908925624,5.379055208584603,4.25434929216091,5.379245293748802,0.25,5,0.15
10,NA,NA,NA,1,0.6,0.035077314169150775,0.009579222635274706,0.02232826840221274,13.464193216137366,52.447063760594354,32.95562848836586,NA,4.44658047723978,4.08406861236111,4.4644297526084,4.103789917338647,0.25,10,0.15
8,0.24949406829009235,0.24875533426959304,0.2502328023105917,1,0.75,0.023708628264812827,0.006004240157540121,0.014856434211176474,17.108329864944398,59.546730136133846,38.32753000053912,NA,4.6610865761461495,4.802323474615909,4.660699731033685,4.8046385169083985,0.25,10,0.15
8,0.23834350463729423,0.23658973398678598,0.24009727528780248,1,0.75,0.02396501283223002,0.005901923056833805,0.014933467944531912,12.875908116164963,36.69169576263037,24.783801939397666,NA,3.5474173572204246,4.202902402055004,3.5502496432109223,4.19978455749739,0.25,10,0.15
10,NA,NA,NA,1,0.6,0.027031121004884952,0.006474780671262766,0.01675295083807386,30.251281759927053,40.15841220366524,35.20484698179615,NA,3.8434175233932195,4.38441425962082,3.848324719321293,4.395333596033284,0.25,10,0.15
9,0.24723455915745823,0.24723455915745823,0.24723455915745823,1,0.6666666666666666,0.022020214715661342,0.006179014463034715,0.014099614589348029,31.945497900130174,52.17447092066035,42.05998441039526,NA,4.800651941732515,5.1022848682082005,4.792588201198144,5.134309939305563,0.25,10,0.15
14,0.24925756820235506,0.2365464022853349,0.2652084605843294,0.6666666666666666,0.2857142857142857,0.036069112882458815,0.017421079463102083,0.02674509617278045,30.863651038679386,59.39754141118998,45.13059622493468,NA,6.121574137562965,4.0160437068244095,6.116023018154809,4.053483313423119,0.25,20,0.15
12,0.24475004382643017,0.23792141703839145,0.2507821226975298,1,0.5,0.03942592952253231,0.010791465079573431,0.02510869730105287,17.05193536868456,62.33514703636402,39.69354120252429,NA,5.686904740236835,4.191491735636593,5.690496732837791,4.204170488615601,0.25,20,0.15
11,0.25353258846155374,0.23842556620951277,0.2786575696783114,0.8333333333333334,0.45454545454545453,0.024307036292254964,0.010384228985135953,0.017345632638695457,11.333979698680498,56.59101113195338,33.96249541531694,NA,5.0228214643708915,4.64858334220464,5.023689052130227,4.657237044811547,0.25,20,0.15
11,0.2459944132088755,0.23925168959330395,0.2527602066482134,1,0.5454545454545454,0.031014157629618126,0.018182060932800358,0.024598109281209243,21.137511032470442,65.5169108123147,43.327210922392574,NA,4.9872949415882735,3.7666466348416967,5.011990504887787,3.805591806084419,0.25,20,0.15
8,0.247442180833159,0.23279830432860638,0.2692376751151656,1,0.75,0.03525589201476876,0.011713025242281183,0.02348445862852497,14.846690447025784,53.00478327519251,33.925736861109144,NA,5.894243882773656,4.528168352712063,5.8954124504315315,4.533039225772079,0.25,20,0.15
11,0.24774826268512268,0.2391076152518893,0.25735099752074075,0.8333333333333334,0.45454545454545453,0.03633258374932876,0.007971193466125735,0.02215188860772725,36.17942116762665,70.67825597144477,53.42883856953571,NA,5.656603023105084,3.9717328309983233,5.659514050663268,3.977004018375719,0.25,30,0.15
9,0.24652606603092136,0.23893820740545377,0.25576649935999213,1,0.6666666666666666,0.023976341420701347,0.005700677854084325,0.014838509637392836,18.92994576265839,52.60952583199256,35.76973579732548,NA,4.908112512984503,4.753149925477158,4.909251485720047,4.764219396619452,0.25,30,0.15
10,0.24750017511728797,0.2391719889109301,0.2555247309517323,0.8333333333333334,0.5,0.041122465658178745,0.013122349384394062,0.027122407521286404,18.586393708146836,56.16309393662634,37.37474382238659,NA,5.946206351391591,4.869531453780341,5.949683597258221,4.882650425258726,0.25,30,0.15
7,0.24937876707796502,0.23876758129088263,0.26913821680516387,1,0.8571428571428571,0.00909426744359013,0.004016600194461327,0.006555433819025729,5.44348117317647,48.598529736980396,27.021005455078434,NA,3.825591512417416,5.305968370214094,3.828100553602572,5.310221431497448,0.25,30,0.15
12,0.24723338446092938,0.23657988627974896,0.2574311843956829,0.8333333333333334,0.4166666666666667,0.031181039488601535,0.014354372303137705,0.02276770589586962,26.37428748162903,65.2801705837532,45.827229032691115,NA,4.80404000013134,3.462996278110847,4.815104219710266,3.4815546117292455,0.25,30,0.15
12,0.24935189238396294,0.23872039436082526,0.25960374130477537,1,0.5,0.033954314343068254,0.01663669140722005,0.025295502875144153,13.301828329961381,52.283876810174014,32.792852570067694,NA,5.166844413898551,3.851615961382475,5.153472834475793,3.9259305488396867,0.25,40,0.15
13,0.24510066470141406,0.23681645467802337,0.25271341249572943,1,0.46153846153846156,0.031125554116136878,0.011648173443315448,0.021386863779726165,12.822327375767156,55.32585070674982,34.07408904125849,NA,4.98155495529619,3.8521325348734643,4.984569793307319,3.8755732982650346,0.25,40,0.15
9,0.24860954215046283,0.23871945823599602,0.255543004578307,1,0.6666666666666666,0.036431549943293284,0.004926614902050565,0.020679082422671923,5.40554843366951,46.86857347027812,26.137060951973815,NA,4.98508308819329,4.943637668208933,4.961037280063167,5.019126245631841,0.25,40,0.15
13,0.24627612505086818,0.2346973215842555,0.2563551804556632,0.6666666666666666,0.38461538461538464,0.0316185389219047,0.009095599576382606,0.020357069249143652,35.25935850327982,59.87044792049831,47.56490321188906,NA,3.945665805464383,4.371553656291868,3.9460434527436323,4.392534183812635,0.25,40,0.15
13,0.2468344386976808,0.2323472020404852,0.2602941631067735,0.8333333333333334,0.38461538461538464,0.037237421750388355,0.01360064793727852,0.025419034843833437,22.106748924695754,75.63795930728737,48.87235411599156,NA,5.710919660712109,4.2054420133547366,5.714869040941507,4.228313925386821,0.25,40,0.15
14,0.24582328365665596,0.23535783282879758,0.25753326805666577,0.6666666666666666,0.2857142857142857,0.036805649419875526,0.009722133974831638,0.023263891697353583,24.42054363701372,70.54915068558607,47.484847161299896,NA,5.9122039198597784,4.967644843128178,5.916144451981956,5.087726428388377,0.25,50,0.15
15,0.24750258284848645,0.23616015584992095,0.2600232583333648,0.8333333333333334,0.3333333333333333,0.030595302408690336,0.019509584175138216,0.025052443291914278,25.774148514937448,100.49761804943478,63.135883282186114,NA,5.115980007059715,4.1816719870979195,5.115975117320803,4.220135946498832,0.25,50,0.15
9,0.246832943848299,0.23430487137661987,0.25908512152957075,1,0.6666666666666666,0.03353363272362193,0.008162996943776852,0.02084831483369939,9.539231569032761,46.52881807821446,28.03402482362361,NA,4.312643566164234,4.286879413195635,4.333288790521211,4.304904716686083,0.25,50,0.15
9,0.24835899479769474,0.23571326704534853,0.25766073519659805,1,0.6666666666666666,0.024720988337439274,0.006837406992973277,0.015779197665206274,10.376718187959716,50.45981240379962,30.418265295879667,NA,4.4991869215628055,4.792407864203416,4.505128869719316,4.819813646896362,0.25,50,0.15
12,0.24795554010674026,0.23909579183268692,0.2605501984769325,0.8333333333333334,0.4166666666666667,0.031954817662944834,0.00924565583600025,0.02060023674947254,41.060309822260095,58.88613954764482,49.973224684952456,NA,3.894104508524011,3.8813765163383374,3.8952258344876736,3.902734249241304,0.25,50,0.15
5,NA,NA,NA,0.8333333333333334,1,0.00495041795270859,0.0073987461894244565,0.006174582071066524,20.394058946713432,67.270650005392,43.832354476052714,NA,4.885776765097773,6.5064496338153175,4.885849420244301,6.506723612156946,1,5,0.15
5,NA,NA,NA,0.8333333333333334,1,0.006265398196263135,0.006701623878218158,0.006483511037240647,33.32330913905796,77.06719316004049,55.19525114954922,NA,5.091774424422741,6.665856455288764,5.091989220217858,6.666457648525111,1,5,0.15
5,NA,NA,NA,0.8333333333333334,1,0.006044886248574819,0.007019128904816828,0.006532007576695823,37.17575393854286,77.76363900283467,57.46969647068876,NA,5.139715528223201,6.112093411626753,5.139624060976872,6.112686711061466,1,5,0.15
5,NA,NA,NA,0.6666666666666666,0.8,0.007046588690808103,0.0075667250474062185,0.007306656869107161,41.44209485865648,79.44261756582897,60.44235621224273,NA,4.208780978473817,5.650737825922221,4.208961189374341,5.650896206180918,1,5,0.15
5,NA,NA,NA,0.8333333333333334,1,0.007907568147142168,0.008354173075047142,0.008130870611094656,37.26069605784964,76.56173786017561,56.91121695901263,NA,4.106237461063139,5.246588152360354,4.107206187814683,5.2479799127471765,1,5,0.15
10,NA,NA,NA,0.8333333333333334,0.5,0.025879051705621332,0.006933105207503651,0.01640607845656249,13.849556099037203,49.44351112966944,31.64653361435332,NA,4.806349550736489,4.8056752789565245,4.810673100721114,4.822100134300933,1,10,0.15
10,NA,NA,NA,0.8333333333333334,0.5,0.02549318570395867,0.00655921234203675,0.01602619902299771,14.974446798355899,67.29455349141773,41.134500144886815,NA,5.067044562811223,4.701861087071148,5.06800858366331,4.708536665651687,1,10,0.15
10,NA,NA,NA,0.8333333333333334,0.5,0.031015665364435317,0.01586029927144431,0.023437982317939813,16.93828627116455,58.16132159468492,37.54980393292473,NA,5.6528260262488725,4.3598011644065835,5.638321166269927,4.406880050960551,1,10,0.15
10,NA,NA,NA,1,0.6,0.030272686656919793,0.008004363592376275,0.019138525124648035,19.48850456819393,66.4180033596677,42.95325396393081,NA,5.269703093039578,4.109647138888648,5.279164097951157,4.121225696422033,1,10,0.15
9,1.2966928846386325,1.2966928846386325,1.2966928846386325,1,0.6666666666666666,0.0352387949563091,0.010465683289800628,0.02285223912305486,26.720562220957373,68.04362738647104,47.38209480371421,NA,5.652299108806743,4.1646503998138575,5.644250080457155,4.19511463810036,1,10,0.15
12,0.9705066432815446,0.9280257290840883,1.0096982382305368,1,0.5,0.03329974641575609,0.008071584734495329,0.02068566557512571,39.66487749532957,54.844304728522665,47.25459111192612,NA,5.39340926712234,4.6326793204584815,5.414872770488146,4.652232397298067,1,20,0.15
11,0.9949581416073364,0.9315765205995148,1.1260131791435088,1,0.6363636363636364,0.042913701838540576,0.011643724540597627,0.0272787131895691,16.219460376842218,58.681637408735185,37.4505488927887,NA,4.5638513374762875,3.9018136401559858,4.566400731309455,3.9143542770602715,1,20,0.15
12,0.9771664136519833,0.9214883920304341,1.0821079726949576,1,0.5,0.04390731753090904,0.009404345126894524,0.026655831328901782,12.541460145800269,52.18366483644952,32.3625624911249,NA,5.928969841105635,4.017183663657437,5.926810527740309,4.0384297368384114,1,20,0.15
11,1.026499078453007,0.935118744851265,1.3025943070198278,0.8333333333333334,0.45454545454545453,0.021480180743605182,0.006935005756598216,0.014207593250101699,8.88233954996645,52.00868881691196,30.445514183439208,NA,4.223055089920241,4.390264899625664,4.223583887986355,4.419801283391663,1,20,0.15
9,1.0373281836572603,0.9356733449073917,1.3441274335449105,1,0.6666666666666666,0.04024739251368484,0.008989876413520522,0.02461863446360268,15.14026754422667,51.68769978265534,33.41398366344101,NA,4.3070157562830556,3.875438131705187,4.318535544975831,3.898784277664532,1,20,0.15
13,0.9888014938238342,0.9267145606745202,1.2278935145920127,0.6666666666666666,0.3076923076923077,0.03634264845724531,0.01626708825825687,0.026304868357751088,35.811328907882036,76.83108877451085,56.32120884119644,NA,6.150780878106419,4.280876876016612,6.165791142566082,4.335536509705542,1,30,0.15
11,0.9933584999924012,0.938187367517056,1.1477794508885037,1,0.5454545454545454,0.027747036643666487,0.009673101992107557,0.01871006931788702,10.604566272145952,57.85973432593527,34.23215029904061,NA,5.071239108727544,3.5494794478333196,5.07809352551215,3.5807372853078956,1,30,0.15
13,0.9590866041549111,0.9393193011685539,0.9847742901867225,1,0.5384615384615384,0.03992817944499925,0.00968949677276074,0.024808838108879995,29.176476196689418,58.23572981582822,43.70610300625882,NA,6.0913557856116745,4.323965297911448,6.087813877236118,4.358679960933524,1,30,0.15
9,0.9752464416003563,0.9288711974245337,1.0101467501630825,1,0.8888888888888888,0.03405884466206032,0.020122661869350366,0.027090753265705342,37.5012803989036,104.49871543624316,70.99999791757338,NA,6.229958553181026,4.293067893793509,6.237160793633911,4.308823453842007,1,30,0.15
8,0.9781930597263228,0.9078723965340851,1.0423237113363721,1,0.75,0.03645486616677046,0.007402720145242896,0.02192879315600668,22.135073897289537,60.69323243299401,41.41415316514177,NA,4.494641781163655,4.731196549158452,4.514717422924192,4.7544686303553725,1,30,0.15
12,0.9544002870887672,0.9129895630947225,0.9734858555413257,1,0.5,0.03944922670252343,0.011980531269812968,0.0257148789861682,24.258527989861804,71.44367771279828,47.85110285133004,NA,5.504444493611824,3.9180803545288305,5.5170829131779575,3.979443773771759,1,40,0.15
12,0.9972415323313785,0.9126986414473588,1.3307902557846054,1,0.5,0.03153486303185694,0.011727256643763234,0.021631059837810086,14.984047934247432,59.41798731800956,37.2010176261285,NA,4.9252058180776315,3.644417121888482,4.93973755856114,3.713421583162179,1,40,0.15
14,0.9459617310089857,0.898753788773975,0.986720178929587,0.6666666666666666,0.35714285714285715,0.03932501208728776,0.01855760917528291,0.028941310631285334,33.77480070643354,87.99058677172287,60.882693739078206,NA,6.323135566314279,3.8386146542884427,6.332017221952886,3.8687759968018014,1,40,0.15
12,0.94792872470006,0.9027289250629118,1.0005641071493163,0.8333333333333334,0.4166666666666667,0.03490810383364274,0.01154740378756239,0.023227753810602565,18.20194071310951,70.86356780626787,44.53275425968869,NA,6.8495025672616565,4.749846376699355,6.86447930937341,4.786904789848901,1,40,0.15
14,0.9498509527915067,0.910544421740547,0.9946904257009208,0.8333333333333334,0.42857142857142855,0.033298932526911566,0.015611547069662455,0.02445523979828701,27.251494659632897,94.37059455170713,60.81104460567001,NA,6.396029742650921,3.4719617828922464,6.415253545186269,3.503856551907699,1,40,0.15
14,0.9342475235271638,0.8960125696124711,0.9794142880480328,0.6666666666666666,0.2857142857142857,0.04103437586369021,0.013115188495359266,0.027074782179524737,16.59987661292165,67.75263420379451,42.17625540835808,NA,5.5054846168739475,4.433315508225978,5.523113895813487,4.486428925838657,1,50,0.15
13,0.9517203544051558,0.892218177258284,1.030002226356146,0.8333333333333334,0.38461538461538464,0.041556983800758035,0.010770536229028668,0.02616376001489335,23.640085094503902,63.675305429948,43.65769526222595,NA,5.908232912781007,3.854176548943703,5.931815003392359,3.9253167595853244,1,50,0.15
9,0.9469813828772122,0.8903855011539379,0.9857257161053155,0.8333333333333334,0.5555555555555556,0.037083639358611815,0.014766769784994365,0.02592520457180309,19.02734939788663,57.93116836275463,38.47925888032063,NA,4.655975349391595,4.378143406447031,4.72127440836348,4.43963220608206,1,50,0.15
15,0.9589495195637067,0.9021908074229525,1.0250022533924463,0.6666666666666666,0.26666666666666666,0.033622167822238314,0.021864681137451523,0.027743424479844916,26.563150152083217,89.54884485498302,58.05599750353312,NA,5.2180660044807246,3.6339436903256686,5.262067004369479,3.706486061709324,1,50,0.15
10,0.9294144777207903,0.8996032784334759,0.9570783894028627,1,0.6,0.029417638908961995,0.010011857078522377,0.019714747993742187,16.634577744542813,55.53188945461594,36.08323359957938,NA,4.145956357201079,4.17097641102514,4.170811957408327,4.212749203115708,1,50,0.15
5,NA,NA,NA,0.8333333333333334,1,0.006101271914989751,0.006541935958812018,0.006321603936900884,38.30406821329216,94.18234430260405,66.2432062579481,NA,5.522205444229575,7.315832114630941,5.522719897286407,7.316571551259346,2,5,0.15
5,NA,NA,NA,0.6666666666666666,0.8,0.005971920100429623,0.006440537092384117,0.00620622859640687,26.822479624581604,69.23061199325751,48.02654580891956,NA,4.661193234284184,6.20299258537351,4.661134113813019,6.203382931191373,2,5,0.15
5,NA,NA,NA,0.6666666666666666,0.8,0.006581657424726109,0.0068245463893441575,0.006703101907035133,40.175834341275866,79.574806268758607,59.87532030501724,NA,4.072025990759988,5.646330828326441,4.072070368450748,5.646859022660063,2,5,0.15
5,NA,NA,NA,0.8333333333333334,1,0.005116099062545363,0.00730217745985939,0.006209138261202377,20.675592129875522,72.20642240695098,46.44100726841325,NA,4.774642349541047,6.058105806451169,4.774642013283923,6.0583839677873215,2,5,0.15
5,NA,NA,NA,0.8333333333333334,1,0.0060294477852455815,0.00794974312468339,0.006989595454964486,38.87145785603596,87.98657717055943,63.429017513297694,NA,6.225669361368536,7.1700133210880175,6.226758899455632,7.170471653986944,2,5,0.15
9,1.8653125223227731,1.8653125223227731,1.8653125223227731,0.6666666666666666,0.4444444444444444,0.031133503584563717,0.011320251224322604,0.02122687740444316,13.193476194473272,52.15202231976606,32.67274925711967,NA,5.005753372114194,5.1720114712851055,5.011084515988988,5.172632142367454,2,10,0.15
9,1.971449732338707,1.971449732338707,1.971449732338707,1,0.6666666666666666,0.03407057825940487,0.01401615261096153,0.0240433654351832,17.401186195323657,51.410395165765756,34.405790680544705,NA,5.6407633359689076,3.7065561526786666,5.642191361735306,3.7185053926183413,2,10,0.15
8,2.2800628570013357,2.071056546781058,2.489069167221613,1,0.75,0.017566162380408562,0.00492951438984601,0.011247838385127286,6.706053781570546,38.414165603490055,22.5601096925303,NA,3.147801036224961,4.7666701736222805,3.1647450685773286,4.789437264976463,2,10,0.15
9,1.9480047505780245,1.9480047505780245,1.9480047505780245,1,0.6666666666666666,0.030828375032087216,0.010707674698906204,0.020768024865496712,28.011971639263642,63.49602585621373,45.753998747738684,NA,8.0551292668848955,5.325107607658914,8.058070361722104,5.33030761953112,2,10,0.15
9,2.3698475649175417,2.3698475649175417,2.3698475649175417,0.8333333333333334,0.5555555555555556,0.03506034177170938,0.01837895780698136,0.026719649789345372,32.945671470538414,77.35904257235923,55.15235702144882,NA,8.2922257106797,3.831936246099452,8.303213346820554,3.8484846987260988,2,10,0.15
10,1.921318621537459,1.7932817692332272,2.3210244996168665,1,0.6,0.037841804908558534,0.011176748791182408,0.02450927684987047,15.38888445008935,56.38191684753166,35.8854006488105,NA,5.57481794867722,3.638134170644162,5.587232324634095,3.6621206388166567,2,20,0.15
11,2.1707861582184806,1.827221891027591,2.7687928443591012,1,0.5454545454545454,0.039874075347073615,0.007793121172911495,0.023833598259992556,29.41621868537649,47.40596058810698,38.411089636741735,NA,5.2260174418228305,4.3621566051942375,5.241181092506952,4.439729431366122,2,20,0.15
16,1.9364584692188913,1.7794295807715423,2.217484766453705,0.5,0.1875,0.03976996983823753,0.021304067524467677,0.030537018681352605,20.28319294999346,89.93900173309353,55.1110973415435,NA,6.193287809359371,3.6712434409408887,6.190017583964692,3.7196009700204806,2,20,0.15
14,2.0231901205813174,1.8180842222167173,2.662530960974342,0.6666666666666666,0.2857142857142857,0.03413449681165297,0.01831769514088525,0.02622609597626911,22.82653793384915,89.61795781109,56.22224787246957,NA,5.613614654036245,3.389290739206002,5.6358214242722555,3.462494455262525,2,20,0.15
14,1.9803158130597938,1.8481184943260258,2.3807308733938015,0.8333333333333334,0.35714285714285715,0.028440567004319815,0.008878087670021467,0.018659327337170642,27.10368278685227,72.10238709451946,49.603034940685866,NA,4.263404452851303,4.2820850672014945,4.281773488039524,4.326884186604386,2,20,0.15
10,1.981783959388566,1.789621164066836,2.5030870047322655,1,0.6,0.02832553825059601,0.005187659831219192,0.0167565990409076,12.362168182030194,57.781936801473506,35.07205249175185,NA,5.303994279926652,4.466578832912786,5.3374355882480895,4.562939355520345,2,30,0.15
12,1.8734399651399458,1.7497534350441142,2.1031959178893835,0.8333333333333334,0.4166666666666667,0.03252548573668539,0.01096799318530869,0.02174673946099704,22.211034351539475,62.3037717795828,42.257403065561135,NA,5.413375775678944,3.23563579490756,5.440841863239423,3.2965217601102723,2,30,0.15
13,1.8883219152019868,1.7795622163519447,2.0744986983349225,0.8333333333333334,0.38461538461538464,0.033553578480148324,0.01593342070488113,0.024743499592514727,22.07348062978922,72.44503592404935,47.25925827691928,NA,7.09406008072945,3.659396263465983,7.102897245512623,3.7259511658204736,2,30,0.15
14,1.8222341661566597,1.7266640841428176,1.9911225159335009,0.6666666666666666,0.2857142857142857,0.043933562803200564,0.01647207185764767,0.03020281733042412,20.208629120698788,93.67669271426314,56.942660917480964,NA,8.011557763472391,3.8950669864818273,8.014097325786738,3.9536193972254465,2,30,0.15
10,1.8812119554077649,1.7277387670081854,2.1776234653403073,0.8333333333333334,0.5,0.02917275520665456,0.010889601165109952,0.020031178185882258,27.23883460991459,68.58429045543141,47.911562532673,NA,5.48977012423957,4.0386766743747655,5.519598602900487,4.1004629649577815,2,30,0.15
11,1.7585722863960183,1.6772964998926132,1.8577172838832405,1,0.5454545454545454,0.03499670093905969,0.012747756197701342,0.023872228568380515,25.778937874498858,61.63375388389428,43.70634587919657,NA,5.689367087821337,3.8973955964829536,5.736477696909914,3.971081511358022,2,40,0.15
13,1.8423649028774818,1.7268888532932198,1.9689158069766381,1,0.46153846153846156,0.04282980659112407,0.012719364416878615,0.027774585504001345,23.562370471900554,64.6724262161073,44.117398344003924,NA,7.640404774841812,4.147578697449295,7.647990523433872,4.232809957691153,2,40,0.15
15,1.8860234614767375,1.7426259125914831,2.272041736524146,0.8333333333333334,0.4,0.04798323967493278,0.013493729113248733,0.030738484394090757,31.431853992045788,83.30647364659688,57.36916381932134,NA,5.064282405770069,3.1872414614662636,5.0869905903814745,3.307273001995957,2,40,0.15
13,1.7963974432929666,1.6997720362390036,1.8803797614278215,0.8333333333333334,0.38461538461538464,0.047953421313691395,0.011734303027606835,0.029843862170649115,10.469984264916913,56.45556155588122,33.46277291039907,NA,5.100684067032696,3.78152525898082,5.1610210550351505,3.8598825218499813,2,40,0.15
12,1.8866970631263262,1.7310324452863675,2.4587481173483683,0.6666666666666666,0.3333333333333333,0.043031050131535575,0.02094266733183161,0.031986858731683596,30.052322573849008,106.2008536447647,68.12658810930685,NA,7.871279705492718,4.025293304549526,7.902065516795252,4.177565851994479,2,40,0.15
8,1.7997324722808208,1.6984016112410543,1.8712759625028141,1,0.875,0.02826406134432592,0.013237787330609587,0.020750924337467752,25.11209705888527,70.81089379765758,47.96149542827143,NA,5.460117850275955,4.064636717536167,5.492153087560807,4.249791828179635,2,50,0.15
14,1.775448319976244,1.6998172688238216,1.8419045769302533,0.8333333333333334,0.35714285714285715,0.041576137353380505,0.016537923133489247,0.029057030243434874,21.17117608041532,95.62555156444289,58.398363822429104,NA,5.842859983840796,3.314319356639339,5.901715105497008,3.4577692655948895,2,50,0.15
12,1.7681267677602692,1.6929621028782627,1.8446352659899823,1,0.5,0.040173582272691716,0.012319582614100918,0.026246582443396317,23.694735242091014,54.71684774166299,39.205791491877,NA,4.920240952071307,3.706014001475454,5.006985865478645,3.800825178965863,2,50,0.15
12,1.8386832785328833,1.734062816759956,2.0394129923901985,0.8333333333333334,0.4166666666666667,0.036133890108722984,0.011831387818446122,0.023982638963584553,29.404219814999294,83.73963041171196,56.571925113355626,NA,8.2684806695041,3.9585309158429762,8.295690828582579,4.131790740668505,2,50,0.15
11,1.8335676639414393,1.733047843541913,1.9496229797071138,0.8333333333333334,0.45454545454545453,0.044332637990168816,0.015975313006728015,0.030153975498448414,58.343361548926964,90.46296909263577,74.40316532078137,NA,6.242664214137879,4.062568313689632,6.317858452162297,4.180440539902226,2,50,0.15
